<?xml version="1.0" encoding="UTF-8"?>

<medical:cabinet xmlns:medical="http://127.0.0.1/cabinetmedical">
    
   <medical:categorii nume="Prescolari">
       
       <medical:pacient>
           <medical:nume>Draghici</medical:nume>
           <medical:prenume>Cornel</medical:prenume>
           <medical:varsta>6</medical:varsta> 
           <medical:sex>M</medical:sex>
           <medical:mediu>Rural</medical:mediu>
           <medical:epidemiologie>Antitetanica</medical:epidemiologie> 
       </medical:pacient>
        
       <medical:pacient>
           <medical:nume>Rus</medical:nume>
           <medical:prenume>Cristian
           </medical:prenume>
           <medical:varsta>4</medical:varsta> 
           <medical:sex>M</medical:sex>
           <medical:mediu>Rural</medical:mediu>
           <medical:epidemiologie>Antirujeola</medical:epidemiologie> 
       </medical:pacient>
       <medical:pacient>
           <medical:nume>Cherechez</medical:nume>
           <medical:prenume>Iosif
           </medical:prenume>
           <medical:varsta>5</medical:varsta> 
           <medical:sex>M</medical:sex>
           <medical:mediu>Urban</medical:mediu><medical:epidemiologie>Antigripal</medical:epidemiologie>
              
       </medical:pacient>
       <medical:pacient>
           <medical:nume>Rotaru</medical:nume>
           <medical:prenume>Marian
           </medical:prenume>
           <medical:varsta>3</medical:varsta> 
           <medical:sex>M</medical:sex>
           <medical:mediu>Rural</medical:mediu><medical:epidemiologie>Antipoliomelita</medical:epidemiologie>
              
       </medical:pacient>
       <medical:pacient>
           <medical:nume>Tripa</medical:nume>
           <medical:prenume>Florin
           </medical:prenume>
           <medical:varsta>3</medical:varsta> 
           <medical:sex>M</medical:sex>
           <medical:mediu>Urban</medical:mediu>
           <medical:epidemiologie>Antigripal</medical:epidemiologie> 
       </medical:pacient>
       <medical:pacient>
           <medical:nume>Dinca</medical:nume>
           <medical:prenume>Ion
           </medical:prenume>
           <medical:varsta>4</medical:varsta> 
           <medical:sex>M</medical:sex>
           <medical:mediu>Urban</medical:mediu>
           <medical:epidemiologie>Antihepatitia A/B</medical:epidemiologie> 
       </medical:pacient>
       <medical:pacient>
           <medical:nume>Predescu</medical:nume>
           <medical:prenume>Cristina
           </medical:prenume>
           <medical:varsta>5</medical:varsta> 
           <medical:sex>F</medical:sex>
           <medical:mediu>Urban</medical:mediu>
           <medical:epidemiologie>Antipoliomelita</medical:epidemiologie> 
       </medical:pacient>
       <medical:pacient>
           <medical:nume>Traila</medical:nume>
           <medical:prenume>Liliana
           </medical:prenume>
           <medical:varsta>6</medical:varsta> 
           <medical:sex>F</medical:sex>
           <medical:mediu>Rural</medical:mediu>
           <medical:epidemiologie>Antirujeola</medical:epidemiologie> 
       </medical:pacient>
       <medical:pacient>
           <medical:nume>Citea</medical:nume>
           <medical:prenume>Elena
           </medical:prenume>
           <medical:varsta>4</medical:varsta> 
           <medical:sex>F</medical:sex>
           <medical:mediu>Urban</medical:mediu>
           <medical:epidemiologie>Antigripal</medical:epidemiologie> 
       </medical:pacient>
       <medical:pacient>
           <medical:nume>Gruia</medical:nume>
           <medical:prenume>Lacrimioara
           </medical:prenume>
           <medical:varsta>6</medical:varsta> 
           <medical:sex>F</medical:sex>
           <medical:mediu>Urban</medical:mediu>
           <medical:epidemiologie>Antigripal</medical:epidemiologie> 
       </medical:pacient>
       <medical:pacient>
           <medical:nume>Turcitu</medical:nume>
           <medical:prenume>Ramona
           </medical:prenume>
           <medical:varsta>2</medical:varsta> 
           <medical:sex>F</medical:sex>
           <medical:mediu>Rural</medical:mediu>
           <medical:epidemiologie>Antirujeola</medical:epidemiologie> 
       </medical:pacient>
       <medical:pacient>
           <medical:nume>Puscasu</medical:nume>
           <medical:prenume>Loredana
           </medical:prenume>
           <medical:varsta>3</medical:varsta> 
           <medical:sex>F</medical:sex>
           <medical:mediu>Urban</medical:mediu>
           <medical:epidemiologie>Antitetanica</medical:epidemiologie> 
       </medical:pacient>
       <medical:pacient>
           <medical:nume>Nicolae</medical:nume>
           <medical:prenume>Theodoru
           </medical:prenume>
           <medical:varsta>2</medical:varsta> 
           <medical:sex>M</medical:sex>
           <medical:mediu>Urban</medical:mediu>
           <medical:epidemiologie>Antirujeola</medical:epidemiologie> 
       </medical:pacient>
       <medical:pacient>
           <medical:nume>Dutulescu</medical:nume>
           <medical:prenume>Sorin
           </medical:prenume>
           <medical:varsta>3</medical:varsta> 
           <medical:sex>M</medical:sex>
           <medical:mediu>Urban</medical:mediu>
           <medical:epidemiologie>Antigripal</medical:epidemiologie> 
       </medical:pacient>
       <medical:pacient>
           <medical:nume>Maicovici</medical:nume>
           <medical:prenume>Lorena
           </medical:prenume>
           <medical:varsta>1</medical:varsta> 
           <medical:sex>F</medical:sex>
           <medical:mediu>Rural</medical:mediu>
           <medical:epidemiologie>Antipoliomelita</medical:epidemiologie> 
       </medical:pacient>
       <medical:pacient>
           <medical:nume>Trita</medical:nume>
           <medical:prenume>Olimpia
           </medical:prenume>
           <medical:varsta>5</medical:varsta> 
           <medical:sex>F</medical:sex>
           <medical:mediu>Urban</medical:mediu>
           <medical:epidemiologie>Antihepatitia A/B</medical:epidemiologie> 
       </medical:pacient>
       <medical:pacient>
           <medical:nume>Croitoru</medical:nume>
           <medical:prenume>Catalina
           </medical:prenume>
           <medical:varsta>6</medical:varsta> 
           <medical:sex>F</medical:sex>
           <medical:mediu>Urban</medical:mediu>
           <medical:epidemiologie>Antirujeola</medical:epidemiologie> 
       </medical:pacient>
       <medical:pacient>
           <medical:nume>Chelaru</medical:nume>
           <medical:prenume>Andreea
           </medical:prenume>
           <medical:varsta>6</medical:varsta> 
           <medical:sex>F</medical:sex>
           <medical:mediu>Rural</medical:mediu>
           <medical:epidemiologie>Antipoliomelita</medical:epidemiologie> 
       </medical:pacient>
       <medical:pacient>
           <medical:nume>Orzata</medical:nume>
           <medical:prenume>Mihai
           </medical:prenume>
           <medical:varsta>5</medical:varsta> 
           <medical:sex>M</medical:sex>
           <medical:mediu>Urban</medical:mediu>
           <medical:epidemiologie>Antitetanica</medical:epidemiologie> 
       </medical:pacient>
       <medical:pacient>
           <medical:nume>Dragoescu</medical:nume>
           <medical:prenume>Paul
           </medical:prenume>
           <medical:varsta>3</medical:varsta> 
           <medical:sex>M</medical:sex>
           <medical:mediu>Urban</medical:mediu>
           <medical:epidemiologie>Antihepatitia A/B</medical:epidemiologie> 
       </medical:pacient>
   </medical:categorii>
   <medical:categorii nume="Elevi">
        
       <medical:pacient>
           <medical:nume>Stancu</medical:nume>
           <medical:prenume>Andreea</medical:prenume>
           <medical:varsta>10</medical:varsta> 
           <medical:sex>F</medical:sex>
           <medical:mediu>Urban</medical:mediu>
           <medical:epidemiologie>Antitetanica</medical:epidemiologie> 
       </medical:pacient>
       <medical:pacient>
           <medical:nume>Birtulescu</medical:nume>
           <medical:prenume>Izabela</medical:prenume>
           <medical:varsta>10</medical:varsta> 
           <medical:sex>F</medical:sex>
           <medical:mediu>Rural</medical:mediu>
           <medical:epidemiologie>Antipoliomelita</medical:epidemiologie> 
       </medical:pacient>
       <medical:pacient>
           <medical:nume>Rosu</medical:nume>
           <medical:prenume>Niculina</medical:prenume>
           <medical:varsta>8</medical:varsta> 
           <medical:sex>F</medical:sex>
           <medical:mediu>Urban</medical:mediu>
           <medical:epidemiologie>Antirujeola</medical:epidemiologie> 
       </medical:pacient>
       <medical:pacient>
           <medical:nume>Rusu</medical:nume>
           <medical:prenume>Nicoleta</medical:prenume>
           <medical:varsta>15</medical:varsta> 
           <medical:sex>F</medical:sex>
           <medical:mediu>Rural</medical:mediu>
           <medical:epidemiologie>Antirujeola</medical:epidemiologie> 
       </medical:pacient>
       <medical:pacient>
           <medical:nume>Petri</medical:nume>
           <medical:prenume>Alexandra</medical:prenume>
           <medical:varsta>17</medical:varsta> 
           <medical:sex>F</medical:sex>
           <medical:mediu>Urban</medical:mediu>
           <medical:epidemiologie>Antihepatitia A/B</medical:epidemiologie> 
       </medical:pacient>
       <medical:pacient>
           <medical:nume>Lorinczi</medical:nume>
           <medical:prenume>Maria</medical:prenume>
           <medical:varsta>14</medical:varsta> 
           <medical:sex>F</medical:sex>
           <medical:mediu>Urban</medical:mediu>
           <medical:epidemiologie>Antitetanica</medical:epidemiologie> 
       </medical:pacient>
       <medical:pacient>
           <medical:nume>Bora</medical:nume>
           <medical:prenume>Marius</medical:prenume>
           <medical:varsta>14</medical:varsta> 
           <medical:sex>M</medical:sex>
           <medical:mediu>Rural</medical:mediu>
           <medical:epidemiologie>Antigripal</medical:epidemiologie> 
       </medical:pacient>
       <medical:pacient>
           <medical:nume>Grecu</medical:nume>
           <medical:prenume>Claudiu</medical:prenume>
           <medical:varsta>15</medical:varsta> 
           <medical:sex>M</medical:sex>
           <medical:mediu>Urban</medical:mediu>
           <medical:epidemiologie>Antipoliomelita</medical:epidemiologie> 
       </medical:pacient>
       <medical:pacient>
           <medical:nume>Mutascu</medical:nume>
           <medical:prenume>Adrian</medical:prenume>
           <medical:varsta>18</medical:varsta> 
           <medical:sex>M</medical:sex>
           <medical:mediu>Rural</medical:mediu>
           <medical:epidemiologie>Antihepatitia A/B</medical:epidemiologie> 
       </medical:pacient>
       <medical:pacient>
           <medical:nume>Lacatus</medical:nume>
           <medical:prenume>Florentin</medical:prenume>
           <medical:varsta>17</medical:varsta> 
           <medical:sex>M</medical:sex>
           <medical:mediu>Urban</medical:mediu>
           <medical:epidemiologie>Antigripal</medical:epidemiologie> 
       </medical:pacient>
       <medical:pacient>
           <medical:nume>Mic</medical:nume>
           <medical:prenume>Gabriel</medical:prenume>
           <medical:varsta>16</medical:varsta> 
           <medical:sex>M</medical:sex>
           <medical:mediu>Urban</medical:mediu>
           <medical:epidemiologie>Antitetanica</medical:epidemiologie> 
       </medical:pacient>
       <medical:pacient>
           <medical:nume>Kiss</medical:nume>
           <medical:prenume>Marius</medical:prenume>
           <medical:varsta>13</medical:varsta> 
           <medical:sex>M</medical:sex>
           <medical:mediu>Rural</medical:mediu>
           <medical:epidemiologie>Antigripal</medical:epidemiologie> 
       </medical:pacient>
       <medical:pacient>
           <medical:nume>Rotaru</medical:nume>
           <medical:prenume>Peter</medical:prenume>
           <medical:varsta>13</medical:varsta> 
           <medical:sex>M</medical:sex>
           <medical:mediu>Rural</medical:mediu>
           <medical:epidemiologie>Antirujeola</medical:epidemiologie> 
       </medical:pacient>
       <medical:pacient>
           <medical:nume>Mos</medical:nume>
           <medical:prenume>Tiberiu</medical:prenume>
           <medical:varsta>12</medical:varsta> 
           <medical:sex>M</medical:sex>
           <medical:mediu>Urban</medical:mediu>
           <medical:epidemiologie>Antigripal</medical:epidemiologie> 
       </medical:pacient>
       <medical:pacient>
           <medical:nume>Muraru</medical:nume>
           <medical:prenume>Ion</medical:prenume>
           <medical:varsta>11</medical:varsta> 
           <medical:sex>M</medical:sex>
            
           <medical:mediu>Urban</medical:mediu><medical:epidemiologie>Antigripal</medical:epidemiologie> 
       </medical:pacient>
       <medical:pacient>
           <medical:nume>Filipoi</medical:nume>
           <medical:prenume>Larisa</medical:prenume>
           <medical:varsta>12</medical:varsta> 
           <medical:sex>F</medical:sex>
           <medical:mediu>Rural</medical:mediu>
           <medical:epidemiologie>Antirujeola</medical:epidemiologie> 
       </medical:pacient>
       <medical:pacient>
           <medical:nume>Faur</medical:nume>
           <medical:prenume>Alina</medical:prenume>
           <medical:varsta>10</medical:varsta> 
           <medical:sex>F</medical:sex>
           <medical:mediu>Urban</medical:mediu>
           <medical:epidemiologie>Antihepatitia A/B</medical:epidemiologie> 
       </medical:pacient>
       <medical:pacient>
           <medical:nume>Miha</medical:nume>
           <medical:prenume>Andrada</medical:prenume>
           <medical:varsta>9</medical:varsta> 
           <medical:sex>F</medical:sex>
           <medical:mediu>Rural</medical:mediu>
           <medical:epidemiologie>Antigripal</medical:epidemiologie> 
       </medical:pacient>
       <medical:pacient>
           <medical:nume>Camciuc</medical:nume>
           <medical:prenume>Raluca</medical:prenume>
           <medical:varsta>8</medical:varsta> 
           <medical:sex>F</medical:sex>
           <medical:mediu>Urban</medical:mediu>
           <medical:epidemiologie>Antitetanica</medical:epidemiologie> 
       </medical:pacient>
       <medical:pacient>
           <medical:nume>Buzuriu</medical:nume>
           <medical:prenume>Emanuel</medical:prenume>
           <medical:varsta>7</medical:varsta> 
           <medical:sex>M</medical:sex>
           <medical:mediu>Rural</medical:mediu>
           <medical:epidemiologie>Antigripal</medical:epidemiologie> 
       </medical:pacient>
       <medical:pacient>
           <medical:nume>Ardelean</medical:nume>
           <medical:prenume>Dana</medical:prenume>
           <medical:varsta>15</medical:varsta> 
           <medical:sex>F</medical:sex>
           <medical:mediu>Urban</medical:mediu>
           <medical:epidemiologie>Antipoliomelita</medical:epidemiologie> 
       </medical:pacient>
       <medical:pacient>
           <medical:nume>Voicu</medical:nume>
           <medical:prenume>Cosmina</medical:prenume>
           <medical:varsta>18</medical:varsta> 
           <medical:sex>F</medical:sex>
           <medical:mediu>Urban</medical:mediu>
           <medical:epidemiologie>Antitetanica</medical:epidemiologie> 
       </medical:pacient>
       <medical:pacient>
           <medical:nume>Muntean</medical:nume>
           <medical:prenume>Alexandru</medical:prenume>
           <medical:varsta>17</medical:varsta> 
           <medical:sex>M</medical:sex>
           <medical:mediu>Rural</medical:mediu>
           <medical:epidemiologie>Antigripal</medical:epidemiologie> 
       </medical:pacient>
       <medical:pacient>
           <medical:nume>Balaci</medical:nume>
           <medical:prenume>Dragos</medical:prenume>
           <medical:varsta>12</medical:varsta> 
           <medical:sex>M</medical:sex>
           <medical:mediu>Rural</medical:mediu>
           <medical:epidemiologie>Antihepatitia A/B</medical:epidemiologie> 
       </medical:pacient>
       <medical:pacient>
           <medical:nume>Feraru</medical:nume>
           <medical:prenume>Stefan</medical:prenume>
           <medical:varsta>7</medical:varsta> 
           <medical:sex>M</medical:sex>
           <medical:mediu>Urban</medical:mediu>
           <medical:epidemiologie>Antipoliomelita</medical:epidemiologie> 
       </medical:pacient>
        
        
   </medical:categorii>
   <medical:categorii nume="Studenti">
       <medical:pacient>
           <medical:nume>Tinu</medical:nume>
           <medical:prenume>Codruta</medical:prenume>
           <medical:varsta>21</medical:varsta> 
           <medical:sex>F</medical:sex>
           <medical:mediu>Rural</medical:mediu>
           <medical:epidemiologie>Antipoliomelita</medical:epidemiologie> 
       </medical:pacient>
       <medical:pacient>
           <medical:nume>Andronache</medical:nume>
           <medical:prenume>Veronica</medical:prenume>
           <medical:varsta>20</medical:varsta> 
           <medical:sex>F</medical:sex>
           <medical:mediu>Urban</medical:mediu>
           <medical:epidemiologie>Antigripal</medical:epidemiologie> 
       </medical:pacient>
       <medical:pacient>
           <medical:nume>Badea</medical:nume>
           <medical:prenume>Sanda</medical:prenume>
           <medical:varsta>19</medical:varsta> 
           <medical:sex>F</medical:sex>
           <medical:mediu>Urban</medical:mediu>
           <medical:epidemiologie>Antihepatitia A/B</medical:epidemiologie> 
       </medical:pacient>
       <medical:pacient>
           <medical:nume>Barbaros</medical:nume>
           <medical:prenume>Cristina</medical:prenume>
           <medical:varsta>19</medical:varsta> 
           <medical:sex>F</medical:sex>
           <medical:mediu>Rural</medical:mediu>
           <medical:epidemiologie>Antigripal</medical:epidemiologie> 
       </medical:pacient>
       <medical:pacient>
           <medical:nume>Borcan</medical:nume>
           <medical:prenume>Ruxandra</medical:prenume>
           <medical:varsta>23</medical:varsta> 
           <medical:sex>F</medical:sex>
           <medical:mediu>Rural</medical:mediu>
           <medical:epidemiologie>Antigripal</medical:epidemiologie> 
       </medical:pacient>
       <medical:pacient>
           <medical:nume>Berlogea</medical:nume>
           <medical:prenume>Tatiana</medical:prenume>
           <medical:varsta>24</medical:varsta> 
           <medical:sex>F</medical:sex>
           <medical:mediu>Urban</medical:mediu>
           <medical:epidemiologie>Antitetanica</medical:epidemiologie> 
       </medical:pacient>
       <medical:pacient>
           <medical:nume>Toma</medical:nume>
           <medical:prenume>Laura</medical:prenume>
           <medical:varsta>21</medical:varsta> 
           <medical:sex>F</medical:sex>
           <medical:mediu>Urban</medical:mediu>
           <medical:epidemiologie>Antigripal</medical:epidemiologie> 
       </medical:pacient>
       <medical:pacient>
           <medical:nume>Unguras</medical:nume>
           <medical:prenume>Ana-Maria</medical:prenume>
           <medical:varsta>21</medical:varsta> 
           <medical:sex>F</medical:sex>
           <medical:mediu>Urban</medical:mediu>
           <medical:epidemiologie>Antipoliomelita</medical:epidemiologie> 
       </medical:pacient>
       <medical:pacient>
           <medical:nume>Valceanu</medical:nume>
           <medical:prenume>Raluca</medical:prenume>
           <medical:varsta>22</medical:varsta> 
           <medical:sex>F</medical:sex>
           <medical:mediu>Rural</medical:mediu>
           <medical:epidemiologie>Antigripal</medical:epidemiologie> 
       </medical:pacient>
       <medical:pacient>
           <medical:nume>Stoian</medical:nume>
           <medical:prenume>Luminita</medical:prenume>
           <medical:varsta>22</medical:varsta> 
           <medical:sex>F</medical:sex>
           <medical:mediu>Rural</medical:mediu>
           <medical:epidemiologie>Antihepatitia A/B</medical:epidemiologie> 
       </medical:pacient>
       <medical:pacient>
           <medical:nume>Raduta</medical:nume>
           <medical:prenume>Ana</medical:prenume>
           <medical:varsta>23</medical:varsta> 
           <medical:sex>F</medical:sex>
           <medical:mediu>Urban</medical:mediu>
           <medical:epidemiologie>Antitetanica</medical:epidemiologie> 
       </medical:pacient>
       <medical:pacient>
           <medical:nume>Stefanut</medical:nume>
           <medical:prenume>Laura</medical:prenume>
           <medical:varsta>24</medical:varsta> 
           <medical:sex>F</medical:sex>
           <medical:mediu>Urban</medical:mediu>
           <medical:epidemiologie>Antipoliomelita</medical:epidemiologie> 
       </medical:pacient>
       <medical:pacient>
           <medical:nume>Stetco</medical:nume>
           <medical:prenume>Marian</medical:prenume>
           <medical:varsta>21</medical:varsta> 
           <medical:sex>M</medical:sex>
           <medical:mediu>Urban</medical:mediu>
           <medical:epidemiologie>Antihepatitia A/B</medical:epidemiologie> 
       </medical:pacient>
       <medical:pacient>
           <medical:nume>Popescu</medical:nume>
           <medical:prenume>Roxana</medical:prenume>
           <medical:varsta>24</medical:varsta> 
           <medical:sex>F</medical:sex>
           <medical:mediu>Rural</medical:mediu>
           <medical:epidemiologie>Antipoliomelita</medical:epidemiologie> 
       </medical:pacient>
       <medical:pacient>
           <medical:nume>Ionescu</medical:nume>
           <medical:prenume>Elena</medical:prenume>
           <medical:varsta>20</medical:varsta> 
           <medical:sex>F</medical:sex>
           <medical:mediu>Urban</medical:mediu>
           <medical:epidemiologie>Antigripal</medical:epidemiologie> 
       </medical:pacient>
       <medical:pacient>
           <medical:nume>Draghici</medical:nume>
           <medical:prenume>Adrian</medical:prenume>
           <medical:varsta>20</medical:varsta> 
           <medical:sex>M</medical:sex>
           <medical:mediu>Rural</medical:mediu>
           <medical:epidemiologie>Antitetanica</medical:epidemiologie> 
       </medical:pacient>
       <medical:pacient>
           <medical:nume>Fiera</medical:nume>
           <medical:prenume>Marian</medical:prenume>
           <medical:varsta>25</medical:varsta> 
           <medical:sex>M</medical:sex>
           <medical:mediu>Urban</medical:mediu>
           <medical:epidemiologie>Antigripal</medical:epidemiologie> 
       </medical:pacient>
       <medical:pacient>
           <medical:nume>Stanescu</medical:nume>
           <medical:prenume>Andreea</medical:prenume>
           <medical:varsta>25</medical:varsta> 
           <medical:sex>F</medical:sex>
           <medical:mediu>Urban</medical:mediu>
           <medical:epidemiologie>Antipoliomelita</medical:epidemiologie> 
       </medical:pacient>
       <medical:pacient>
           <medical:nume>Vuc</medical:nume>
           <medical:prenume>Dinu</medical:prenume>
           <medical:varsta>22</medical:varsta> 
           <medical:sex>M</medical:sex>
           <medical:mediu>Urban</medical:mediu>
           <medical:epidemiologie>Antitetanica</medical:epidemiologie> 
       </medical:pacient>
       <medical:pacient>
           <medical:nume>Lucaci</medical:nume>
           <medical:prenume>Catalin</medical:prenume>
           <medical:varsta>23</medical:varsta> 
           <medical:sex>M</medical:sex>
           <medical:mediu>Urban</medical:mediu>
           <medical:epidemiologie>Antipoliomelita</medical:epidemiologie> 
       </medical:pacient><medical:pacient>
           <medical:nume>Andronache</medical:nume>
           <medical:prenume>Carmen</medical:prenume>
           <medical:varsta>22</medical:varsta> 
           <medical:sex>F</medical:sex>
           <medical:mediu>Rural</medical:mediu>
           <medical:epidemiologie>Antigripal</medical:epidemiologie> 
       </medical:pacient>
       <medical:pacient>
           <medical:nume>Dragusin</medical:nume>
           <medical:prenume>Lucian</medical:prenume>
           <medical:varsta>20</medical:varsta> 
           <medical:sex>M</medical:sex>
           <medical:mediu>Urban</medical:mediu>
           <medical:epidemiologie>Antihepatitia A/B</medical:epidemiologie> 
       </medical:pacient>
       <medical:pacient>
           <medical:nume>Achimescu</medical:nume>
           <medical:prenume>Stelian</medical:prenume>
           <medical:varsta>19</medical:varsta> 
           <medical:sex>M</medical:sex>
           <medical:mediu>Urban</medical:mediu>
           <medical:epidemiologie>Antihepatitia A/B</medical:epidemiologie> 
       </medical:pacient>
       <medical:pacient>
           <medical:nume>Tudor</medical:nume>
           <medical:prenume>Florin</medical:prenume>
           <medical:varsta>24</medical:varsta> 
           <medical:sex>M</medical:sex>
           <medical:mediu>Urban</medical:mediu>
           <medical:epidemiologie>Antipoliomelita</medical:epidemiologie> 
       </medical:pacient>
       <medical:pacient>
           <medical:nume>Olaru</medical:nume>
           <medical:prenume>Radu</medical:prenume>
           <medical:varsta>26</medical:varsta> 
           <medical:sex>M</medical:sex>
           <medical:mediu>Urban</medical:mediu>
           <medical:epidemiologie>Antipoliomelita</medical:epidemiologie> 
       </medical:pacient>
       <medical:pacient>
           <medical:nume>Neacsu</medical:nume>
           <medical:prenume>Nicoleta</medical:prenume>
           <medical:varsta>19</medical:varsta> 
           <medical:sex>F</medical:sex>
           <medical:mediu>Rural</medical:mediu>
           <medical:epidemiologie>Antigripal</medical:epidemiologie> 
       </medical:pacient>
       <medical:pacient>
           <medical:nume>Stanciu</medical:nume>
           <medical:prenume>Andreea</medical:prenume>
           <medical:varsta>25</medical:varsta> 
           <medical:sex>F</medical:sex>
           <medical:mediu>Urban</medical:mediu>
           <medical:epidemiologie>Antihepatitia A/B</medical:epidemiologie> 
       </medical:pacient>
       <medical:pacient>
           <medical:nume>Feraru</medical:nume>
           <medical:prenume>Lavinia</medical:prenume>
           <medical:varsta>22</medical:varsta> 
           <medical:sex>F</medical:sex>
           <medical:mediu>Urban</medical:mediu>
           <medical:epidemiologie>Antipoliomelita</medical:epidemiologie> 
       </medical:pacient>
        
    </medical:categorii>
       <medical:categorii nume="Pensionari">
            
           <medical:pacient>
               <medical:nume>Cojocaru</medical:nume>
               <medical:prenume>Radu</medical:prenume>
               <medical:varsta>72</medical:varsta> 
               <medical:sex>M</medical:sex>
               <medical:mediu>Urban</medical:mediu>
               <medical:epidemiologie>Antihepatitia A/B</medical:epidemiologie> 
           </medical:pacient>
           <medical:pacient>
               <medical:nume>Deliu</medical:nume>
               <medical:prenume>Georgiana</medical:prenume>
               <medical:varsta>70</medical:varsta> 
               <medical:sex>F</medical:sex>
               <medical:mediu>Rural</medical:mediu>
               <medical:epidemiologie>Antipoliomelita</medical:epidemiologie> 
           </medical:pacient>
           <medical:pacient>
               <medical:nume>Dascalu</medical:nume>
               <medical:prenume>Delia</medical:prenume>
               <medical:varsta>69</medical:varsta> 
               <medical:sex>F</medical:sex>
               <medical:mediu>Urban</medical:mediu>
               <medical:epidemiologie>Antigripal</medical:epidemiologie> 
           </medical:pacient>
           <medical:pacient>
               <medical:nume>Ionescu</medical:nume>
               <medical:prenume>Andreea</medical:prenume>
               <medical:varsta>80</medical:varsta> 
               <medical:sex>F</medical:sex>
               <medical:mediu>Rural</medical:mediu>
               <medical:epidemiologie>Antipoliomelita</medical:epidemiologie> 
           </medical:pacient>
           <medical:pacient>
               <medical:nume>Ghita</medical:nume>
               <medical:prenume>Otilia</medical:prenume>
               <medical:varsta>79</medical:varsta> 
               <medical:sex>F</medical:sex>
               <medical:mediu>Rural</medical:mediu>
               <medical:epidemiologie>Antitetanica</medical:epidemiologie> 
           </medical:pacient>
           <medical:pacient>
               <medical:nume>Manea</medical:nume>
               <medical:prenume>Valentin</medical:prenume>
               <medical:varsta>78</medical:varsta> 
               <medical:sex>M</medical:sex>
               <medical:mediu>Rural</medical:mediu>
               <medical:epidemiologie>Antihepatitia A/B</medical:epidemiologie> 
           </medical:pacient>
           <medical:pacient>
               <medical:nume>Ruican</medical:nume>
               <medical:prenume>Viorel</medical:prenume>
               <medical:varsta>73</medical:varsta> 
               <medical:sex>M</medical:sex>
               <medical:mediu>Rural</medical:mediu>
               <medical:epidemiologie>Antipoliomelita</medical:epidemiologie> 
           </medical:pacient>
           <medical:pacient>
               <medical:nume>Guran</medical:nume>
               <medical:prenume>Cosmin</medical:prenume>
               <medical:varsta>68</medical:varsta> 
               <medical:sex>M</medical:sex>
               <medical:mediu>Urban</medical:mediu>
               <medical:epidemiologie>Antitetanica</medical:epidemiologie> 
           </medical:pacient>
           <medical:pacient>
               <medical:nume>Robescu</medical:nume>
               <medical:prenume>Georgeta</medical:prenume>
               <medical:varsta>86</medical:varsta> 
               <medical:sex>F</medical:sex>
               <medical:mediu>Urban</medical:mediu>
               <medical:epidemiologie>Antipoliomelita</medical:epidemiologie> 
           </medical:pacient>
           <medical:pacient>
               <medical:nume>Iorga</medical:nume>
               <medical:prenume>Andrei</medical:prenume>
               <medical:varsta>71</medical:varsta> 
               <medical:sex>M</medical:sex>
               <medical:mediu>Rural</medical:mediu>
               <medical:epidemiologie>Antihepatitia A/B</medical:epidemiologie> 
           </medical:pacient>
           <medical:pacient>
               <medical:nume>Manda</medical:nume>
               <medical:prenume>Mariana</medical:prenume>
               <medical:varsta>65</medical:varsta> 
               <medical:sex>F</medical:sex>
               <medical:mediu>Rural</medical:mediu>
               <medical:epidemiologie>Antigripal</medical:epidemiologie> 
           </medical:pacient>
           <medical:pacient>
               <medical:nume>Gavrilita</medical:nume>
               <medical:prenume>Dumitru</medical:prenume>
               <medical:varsta>67</medical:varsta> 
               <medical:sex>M</medical:sex>
               <medical:mediu>Urban</medical:mediu>
               <medical:epidemiologie>Antitetanica</medical:epidemiologie> 
           </medical:pacient>
           <medical:pacient>
               <medical:nume>Gune</medical:nume>
               <medical:prenume>Mihaela</medical:prenume>
               <medical:varsta>63</medical:varsta> 
               <medical:sex>F</medical:sex>
               <medical:mediu>Rural</medical:mediu>
               <medical:epidemiologie>Antihepatitia A/B</medical:epidemiologie> 
           </medical:pacient>
           <medical:pacient>
               <medical:nume>Grigore</medical:nume>
               <medical:prenume>Bianca</medical:prenume>
               <medical:varsta>61</medical:varsta> 
               <medical:sex>F</medical:sex>
               <medical:mediu>Urban</medical:mediu>
               <medical:epidemiologie>Antigripal</medical:epidemiologie> 
           </medical:pacient>
           <medical:pacient>
               <medical:nume>Turcu</medical:nume>
               <medical:prenume>Mihaela</medical:prenume>
               <medical:varsta>66</medical:varsta> 
               <medical:sex>F</medical:sex>
               <medical:mediu>Rural</medical:mediu>
               <medical:epidemiologie>Antigripal</medical:epidemiologie> 
           </medical:pacient>
           <medical:pacient>
               <medical:nume>Ilie</medical:nume>
               <medical:prenume>Nicolae</medical:prenume>
               <medical:varsta>76</medical:varsta> 
               <medical:sex>M</medical:sex>
               <medical:mediu>Rural</medical:mediu>
               <medical:epidemiologie>Antigripal</medical:epidemiologie> 
           </medical:pacient>
           <medical:pacient>
               <medical:nume>Pasare</medical:nume>
               <medical:prenume>Stefania</medical:prenume>
               <medical:varsta>75</medical:varsta> 
               <medical:sex>F</medical:sex>
               <medical:mediu>Urban</medical:mediu>
               <medical:epidemiologie>Antipoliomelita</medical:epidemiologie> 
           </medical:pacient>
           <medical:pacient>
               <medical:nume>Ichim</medical:nume>
               <medical:prenume>Luiza</medical:prenume>
               <medical:varsta>68</medical:varsta> 
               <medical:sex>F</medical:sex>
               <medical:mediu>Urban</medical:mediu>
               <medical:epidemiologie>Antihepatitia A/B</medical:epidemiologie> 
           </medical:pacient>
           <medical:pacient>
               <medical:nume>Ionascu</medical:nume>
               <medical:prenume>Elena</medical:prenume>
               <medical:varsta>78</medical:varsta> 
               <medical:sex>F</medical:sex>
               <medical:mediu>Urban</medical:mediu>
               <medical:epidemiologie>Antitetanica</medical:epidemiologie> 
           </medical:pacient>
           <medical:pacient>
               <medical:nume>Comanescu</medical:nume>
               <medical:prenume>Vasilica</medical:prenume>
               <medical:varsta>79</medical:varsta> 
               <medical:sex>F</medical:sex>
               <medical:mediu>Rural</medical:mediu>
               <medical:epidemiologie>Antihepatitia A/B</medical:epidemiologie> 
           </medical:pacient>
           <medical:pacient>
               <medical:nume>Torba</medical:nume>
               <medical:prenume>Aurel</medical:prenume>
               <medical:varsta>70</medical:varsta> 
               <medical:sex>M</medical:sex>
               <medical:mediu>Urban</medical:mediu>
               <medical:epidemiologie>Antipoliomelita</medical:epidemiologie> 
           </medical:pacient>
           <medical:pacient>
               <medical:nume>Cristu</medical:nume>
               <medical:prenume>Bogdan</medical:prenume>
               <medical:varsta>69</medical:varsta> 
               <medical:sex>M</medical:sex>
               <medical:mediu>Rural</medical:mediu>
               <medical:epidemiologie>Antigripal</medical:epidemiologie> 
           </medical:pacient>
           <medical:pacient>
               <medical:nume>Stanciu</medical:nume>
               <medical:prenume>Jenica</medical:prenume>
               <medical:varsta>58</medical:varsta> 
               <medical:sex>F</medical:sex>
               <medical:mediu>Urban</medical:mediu>
               <medical:epidemiologie>Antigripal</medical:epidemiologie> 
           </medical:pacient>
           <medical:pacient>
               <medical:nume>Ispas</medical:nume>
               <medical:prenume>Maria</medical:prenume>
               <medical:varsta>78</medical:varsta> 
               <medical:sex>F</medical:sex>
               <medical:mediu>Urban</medical:mediu>
               <medical:epidemiologie>Antigripal</medical:epidemiologie> 
           </medical:pacient>
           <medical:pacient>
               <medical:nume>Chivu</medical:nume>
               <medical:prenume>Laura</medical:prenume>
               <medical:varsta>73</medical:varsta> 
               <medical:sex>F</medical:sex>
               <medical:mediu>Rural</medical:mediu>
               <medical:epidemiologie>Antihepatitia A/B</medical:epidemiologie> 
           </medical:pacient>
           <medical:pacient>
               <medical:nume>Opritoiu</medical:nume>
               <medical:prenume>Liliana</medical:prenume>
               <medical:varsta>74</medical:varsta> 
               <medical:sex>F</medical:sex>
               <medical:mediu>Urban</medical:mediu>
               <medical:epidemiologie>Antigripal</medical:epidemiologie> 
           </medical:pacient>
           <medical:pacient>
               <medical:nume>Iovanel</medical:nume>
               <medical:prenume>Floarea</medical:prenume>
               <medical:varsta>73</medical:varsta> 
               <medical:sex>F</medical:sex>
               <medical:mediu>Urban</medical:mediu>
               <medical:epidemiologie>Antigripal</medical:epidemiologie> 
           </medical:pacient>
           <medical:pacient>
               <medical:nume>Burin</medical:nume>
               <medical:prenume>Denisa</medical:prenume>
               <medical:varsta>84</medical:varsta> 
               <medical:sex>F</medical:sex>
               <medical:mediu>Urban</medical:mediu>
               <medical:epidemiologie>Antigripal</medical:epidemiologie> 
           </medical:pacient>
           <medical:pacient>
               <medical:nume>Marinescu</medical:nume>
               <medical:prenume>Nicoleta</medical:prenume>
               <medical:varsta>67</medical:varsta> 
               <medical:sex>F</medical:sex>
               <medical:mediu>Rural</medical:mediu>
               <medical:epidemiologie>Antigripal</medical:epidemiologie> 
           </medical:pacient>
           <medical:pacient>
               <medical:nume>Luta</medical:nume>
               <medical:prenume>Ileana</medical:prenume>
               <medical:varsta>79</medical:varsta> 
               <medical:sex>F</medical:sex>
               <medical:mediu>Urban</medical:mediu>
               <medical:epidemiologie>Antihepatitia A/B</medical:epidemiologie> 
           </medical:pacient>
           <medical:pacient>
               <medical:nume>Stanciu</medical:nume>
               <medical:prenume>Vasile</medical:prenume>
               <medical:varsta>74</medical:varsta> 
               <medical:sex>M</medical:sex>
               <medical:mediu>Urban</medical:mediu>
               <medical:epidemiologie>Antigripal</medical:epidemiologie> 
           </medical:pacient>
           <medical:pacient>
               <medical:nume>Plesu</medical:nume>
               <medical:prenume>Florin</medical:prenume>
               <medical:varsta>25</medical:varsta> 
               <medical:sex>M</medical:sex>
               <medical:mediu>Rural</medical:mediu>
               <medical:epidemiologie>Antipoliomelita</medical:epidemiologie> 
           </medical:pacient>
           <medical:pacient>
               <medical:nume>Parvulescu</medical:nume>
               <medical:prenume>Victor</medical:prenume>
               <medical:varsta>75</medical:varsta> 
               <medical:sex>M</medical:sex>
               <medical:mediu>Urban</medical:mediu>
               <medical:epidemiologie>Antigripal</medical:epidemiologie> 
           </medical:pacient>
           <medical:pacient>
               <medical:nume>Dalimon</medical:nume>
               <medical:prenume>Theodora</medical:prenume>
               <medical:varsta>68</medical:varsta> 
               <medical:sex>F</medical:sex>
               <medical:mediu>Rural</medical:mediu>
               <medical:epidemiologie>Antihepatitia A/B</medical:epidemiologie> 
           </medical:pacient>
           <medical:pacient>
               <medical:nume>Schiopu</medical:nume>
               <medical:prenume>Rebeca</medical:prenume>
               <medical:varsta>65</medical:varsta> 
               <medical:sex>F</medical:sex>
               <medical:mediu>Rural</medical:mediu>
               <medical:epidemiologie>Antipoliomelita</medical:epidemiologie> 
           </medical:pacient>
           <medical:pacient>
               <medical:nume>Patru</medical:nume>
               <medical:prenume>Ilona</medical:prenume>
               <medical:varsta>56</medical:varsta> 
               <medical:sex>F</medical:sex>
               <medical:mediu>Urban</medical:mediu>
               <medical:epidemiologie>Antihepatitia A/B</medical:epidemiologie> 
           </medical:pacient>
            
            
       </medical:categorii>
       <medical:categorii nume="Angajati">
           <medical:pacient>
               <medical:nume>Farcas</medical:nume>
               <medical:prenume>Paul</medical:prenume>
               <medical:varsta>26</medical:varsta> 
               <medical:sex>M</medical:sex>
               <medical:mediu>Urban</medical:mediu>
               <medical:epidemiologie>Antipoliomelita</medical:epidemiologie> 
           </medical:pacient>
           <medical:pacient>
               <medical:nume>Mitrache</medical:nume>
               <medical:prenume>Lavinia</medical:prenume>
               <medical:varsta>33</medical:varsta> 
               <medical:sex>F</medical:sex>
               <medical:mediu>Rural</medical:mediu>
               <medical:epidemiologie>Antihepatitia A/B</medical:epidemiologie> 
           </medical:pacient>
           <medical:pacient>
               <medical:nume>Lazea</medical:nume>
               <medical:prenume>Dan</medical:prenume>
               <medical:varsta>31</medical:varsta> 
               <medical:sex>M</medical:sex>
               <medical:mediu>Urban</medical:mediu>
               <medical:epidemiologie>Antitetanica</medical:epidemiologie> 
           </medical:pacient>
           <medical:pacient>
               <medical:nume>Lazar</medical:nume>
               <medical:prenume>Cristina</medical:prenume>
               <medical:varsta>45</medical:varsta> 
               <medical:sex>F</medical:sex>
               <medical:mediu>Urban</medical:mediu>
               <medical:epidemiologie>Antitetanica</medical:epidemiologie> 
           </medical:pacient>
           <medical:pacient>
               <medical:nume>Joita</medical:nume>
               <medical:prenume>Aurica</medical:prenume>
               <medical:varsta>48</medical:varsta> 
               <medical:sex>F</medical:sex>
               <medical:mediu>Urban</medical:mediu>
               <medical:epidemiologie>Antipoliomelita</medical:epidemiologie> 
           </medical:pacient>
           <medical:pacient>
               <medical:nume>Licurici</medical:nume>
               <medical:prenume>Radu</medical:prenume>
               <medical:varsta>56</medical:varsta> 
               <medical:sex>M</medical:sex>
               <medical:mediu>Rural</medical:mediu>
               <medical:epidemiologie>Antigripal</medical:epidemiologie> 
           </medical:pacient>
           <medical:pacient>
               <medical:nume>Ignat</medical:nume>
               <medical:prenume>Viorel</medical:prenume>
               <medical:varsta>62</medical:varsta> 
               <medical:sex>M</medical:sex>
               <medical:mediu>Urban</medical:mediu>
               <medical:epidemiologie>Antitetanica</medical:epidemiologie> 
           </medical:pacient>
           <medical:pacient>
               <medical:nume>Dumitrescu</medical:nume>
               <medical:prenume>Monica</medical:prenume>
               <medical:varsta>39</medical:varsta> 
               <medical:sex>F</medical:sex>
               <medical:mediu>Urban</medical:mediu>
               <medical:epidemiologie>Antipoliomelita</medical:epidemiologie> 
           </medical:pacient>
           <medical:pacient>
               <medical:nume>Epure</medical:nume>
               <medical:prenume>Loredana</medical:prenume>
               <medical:varsta>37</medical:varsta> 
               <medical:sex>F</medical:sex>
               <medical:mediu>Rural</medical:mediu>
               <medical:epidemiologie>Antigripal</medical:epidemiologie> 
           </medical:pacient>
           <medical:pacient>
               <medical:nume>Corbeanu</medical:nume>
               <medical:prenume>Iasmina</medical:prenume>
               <medical:varsta>46</medical:varsta> 
               <medical:sex>F</medical:sex>
               <medical:mediu>Urban</medical:mediu>
               <medical:epidemiologie>Antihepatitia A/B</medical:epidemiologie> 
           </medical:pacient>
           <medical:pacient>
               <medical:nume>Dobritoiu</medical:nume>
               <medical:prenume>Daniela</medical:prenume>
               <medical:varsta>45</medical:varsta> 
               <medical:sex>F</medical:sex>
               <medical:mediu>Rural</medical:mediu>
               <medical:epidemiologie>Antihepatitia A/B</medical:epidemiologie> 
           </medical:pacient>
           <medical:pacient>
               <medical:nume>Anton</medical:nume>
               <medical:prenume>Elena</medical:prenume>
               <medical:varsta>40</medical:varsta> 
               <medical:sex>F</medical:sex>
               <medical:mediu>Urban</medical:mediu>
               <medical:epidemiologie>Antigripal</medical:epidemiologie> 
           </medical:pacient>
           <medical:pacient>
               <medical:nume>Onila</medical:nume>
               <medical:prenume>Dorina</medical:prenume>
               <medical:varsta>41</medical:varsta> 
               <medical:sex>F</medical:sex>
               <medical:mediu>Urban</medical:mediu>
               <medical:epidemiologie>Antitetanica</medical:epidemiologie> 
           </medical:pacient>
           <medical:pacient>
               <medical:nume>Ciobanu</medical:nume>
               <medical:prenume>Ileana</medical:prenume>
               <medical:varsta>42</medical:varsta> 
               <medical:sex>F</medical:sex>
               <medical:mediu>Urban</medical:mediu>
               <medical:epidemiologie>Antipoliomelita</medical:epidemiologie> 
           </medical:pacient>
           <medical:pacient>
               <medical:nume>Geambasu</medical:nume>
               <medical:prenume>Ciprian</medical:prenume>
               <medical:varsta>42</medical:varsta> 
               <medical:sex>M</medical:sex>
               <medical:mediu>Urban</medical:mediu>
               <medical:epidemiologie>Antihepatitia A/B</medical:epidemiologie> 
           </medical:pacient>
           <medical:pacient>
               <medical:nume>Gelu</medical:nume>
               <medical:prenume>Liviu</medical:prenume>
               <medical:varsta>27</medical:varsta> 
               <medical:sex>M</medical:sex>
               <medical:mediu>Urban</medical:mediu>
               <medical:epidemiologie>Antitetanica</medical:epidemiologie> 
           </medical:pacient>
           <medical:pacient>
               <medical:nume>Chiriac</medical:nume>
               <medical:prenume>Teodor</medical:prenume>
               <medical:varsta>26</medical:varsta> 
               <medical:sex>M</medical:sex>
               <medical:mediu>Urban</medical:mediu>
               <medical:epidemiologie>Antigripal</medical:epidemiologie> 
           </medical:pacient>
           <medical:pacient>
               <medical:nume>Cebuc</medical:nume>
               <medical:prenume>Pavel</medical:prenume>
               <medical:varsta>24</medical:varsta> 
               <medical:sex>M</medical:sex>
               <medical:mediu>Rural</medical:mediu>
               <medical:epidemiologie>Antipoliomelita</medical:epidemiologie> 
           </medical:pacient>
           <medical:pacient>
               <medical:nume>Bolovan</medical:nume>
               <medical:prenume>Constantin</medical:prenume>
               <medical:varsta>56</medical:varsta> 
               <medical:sex>M</medical:sex>
               <medical:mediu>Urban</medical:mediu>
               <medical:epidemiologie>Antigripal</medical:epidemiologie> 
           </medical:pacient>
           <medical:pacient>
               <medical:nume>Matei</medical:nume>
               <medical:prenume>Alexandru</medical:prenume>
               <medical:varsta>29</medical:varsta> 
               <medical:sex>M</medical:sex>
               <medical:mediu>Urban</medical:mediu>
               <medical:epidemiologie>Antihepatitia A/B</medical:epidemiologie> 
           </medical:pacient>
           <medical:pacient>
               <medical:nume>Caldararu</medical:nume>
               <medical:prenume>Catalin</medical:prenume>
               <medical:varsta>39</medical:varsta> 
               <medical:sex>M</medical:sex>
               <medical:mediu>Urban</medical:mediu>
               <medical:epidemiologie>Antipoliomelita</medical:epidemiologie> 
           </medical:pacient>
           <medical:pacient>
               <medical:nume>Firivescu</medical:nume>
               <medical:prenume>Marius</medical:prenume>
               <medical:varsta>41</medical:varsta> 
               <medical:sex>M</medical:sex>
               <medical:mediu>Urban</medical:mediu>
               <medical:epidemiologie>Antitetanica</medical:epidemiologie> 
           </medical:pacient>
           <medical:pacient>
               <medical:nume>Netoiu</medical:nume>
               <medical:prenume>Dan</medical:prenume>
               <medical:varsta>49</medical:varsta> 
               <medical:sex>M</medical:sex>
               <medical:mediu>Urban</medical:mediu>
               <medical:epidemiologie>Antigripal</medical:epidemiologie> 
           </medical:pacient>
           <medical:pacient>
               <medical:nume>Tabacu</medical:nume>
               <medical:prenume>Robert</medical:prenume>
               <medical:varsta>51</medical:varsta> 
               <medical:sex>M</medical:sex>
               <medical:mediu>Urban</medical:mediu>
               <medical:epidemiologie>Antipoliomelita</medical:epidemiologie> 
           </medical:pacient>
           <medical:pacient>
               <medical:nume>Ursu</medical:nume>
               <medical:prenume>Daniel</medical:prenume>
               <medical:varsta>60</medical:varsta> 
               <medical:sex>M</medical:sex>
               <medical:mediu>Urban</medical:mediu>
               <medical:epidemiologie>Antihepatitia A/B</medical:epidemiologie> 
           </medical:pacient>
           <medical:pacient>
               <medical:nume>Vacaru</medical:nume>
               <medical:prenume>Cristina</medical:prenume>
               <medical:varsta>57</medical:varsta> 
               <medical:sex>F</medical:sex>
               <medical:mediu>Rural</medical:mediu>
               <medical:epidemiologie>Antipoliomelita</medical:epidemiologie> 
           </medical:pacient>
           <medical:pacient>
               <medical:nume>Vladeanu</medical:nume>
               <medical:prenume>Georgiana</medical:prenume>
               <medical:varsta>36</medical:varsta> 
               <medical:sex>F</medical:sex>
               <medical:mediu>Urban</medical:mediu>
               <medical:epidemiologie>Antigripal</medical:epidemiologie> 
           </medical:pacient>
           <medical:pacient>
               <medical:nume>Nucu</medical:nume>
               <medical:prenume>Vlad</medical:prenume>
               <medical:varsta>33</medical:varsta> 
               <medical:sex>M</medical:sex>
               <medical:mediu>Urban</medical:mediu>
               <medical:epidemiologie>Antigripal</medical:epidemiologie> 
           </medical:pacient>
           <medical:pacient>
               <medical:nume>Apostolici</medical:nume>
               <medical:prenume>Ionut</medical:prenume>
               <medical:varsta>35</medical:varsta> 
               <medical:sex>M</medical:sex>
               <medical:mediu>Urban</medical:mediu>
               <medical:epidemiologie>Antigripal</medical:epidemiologie> 
           </medical:pacient>
           <medical:pacient>
               <medical:nume>Marica</medical:nume>
               <medical:prenume>George</medical:prenume>
               <medical:varsta>34</medical:varsta> 
               <medical:sex>M</medical:sex>
               <medical:mediu>Urban</medical:mediu>
               <medical:epidemiologie>Antitetanica</medical:epidemiologie> 
           </medical:pacient>
           <medical:pacient>
               <medical:nume>Floreanu</medical:nume>
               <medical:prenume>Georgian</medical:prenume>
               <medical:varsta>37</medical:varsta> 
               <medical:sex>M</medical:sex>
               <medical:mediu>Urban</medical:mediu>
               <medical:epidemiologie>Antipoliomelita</medical:epidemiologie> 
           </medical:pacient>
           <medical:pacient>
               <medical:nume>Mocanu</medical:nume>
               <medical:prenume>Cristian</medical:prenume>
               <medical:varsta>46</medical:varsta> 
               <medical:sex>M</medical:sex>
               <medical:mediu>Urban</medical:mediu>
               <medical:epidemiologie>Antihepatitia A/B</medical:epidemiologie> 
           </medical:pacient>
           <medical:pacient>
               <medical:nume>Firicel</medical:nume>
               <medical:prenume>Eugen</medical:prenume>
               <medical:varsta>43</medical:varsta> 
               <medical:sex>M</medical:sex>
               <medical:mediu>Urban</medical:mediu>
               <medical:epidemiologie>Antihepatitia A/B</medical:epidemiologie> 
           </medical:pacient>
           <medical:pacient>
               <medical:nume>Radu</medical:nume>
               <medical:prenume>Mihaela</medical:prenume>
               <medical:varsta>48</medical:varsta> 
               <medical:sex>F</medical:sex>
               <medical:mediu>Urban</medical:mediu>
               <medical:epidemiologie>Antigripal</medical:epidemiologie> 
           </medical:pacient>
           <medical:pacient>
               <medical:nume>Gogiomean</medical:nume>
               <medical:prenume>Veronica</medical:prenume>
               <medical:varsta>47</medical:varsta> 
               <medical:sex>F</medical:sex>
               <medical:mediu>Urban</medical:mediu>
               <medical:epidemiologie>Antigripal</medical:epidemiologie> 
           </medical:pacient>
           <medical:pacient>
               <medical:nume>Diaconu</medical:nume>
               <medical:prenume>Cristina</medical:prenume>
               <medical:varsta>40</medical:varsta> 
               <medical:sex>F</medical:sex>
               <medical:mediu>Rural</medical:mediu>
               <medical:epidemiologie>Antipoliomelita</medical:epidemiologie> 
           </medical:pacient>
           <medical:pacient>
               <medical:nume>Florica</medical:nume>
               <medical:prenume>Estera</medical:prenume>
               <medical:varsta>50</medical:varsta> 
               <medical:sex>F</medical:sex>
               <medical:mediu>Urban</medical:mediu>
               <medical:epidemiologie>Antihepatitia A/B</medical:epidemiologie> 
           </medical:pacient>
           <medical:pacient>
               <medical:nume>Mitrache</medical:nume>
               <medical:prenume>Florentina</medical:prenume>
               <medical:varsta>52</medical:varsta> 
               <medical:sex>F</medical:sex>
               <medical:mediu>Urban</medical:mediu>
               <medical:epidemiologie>Antitetanica</medical:epidemiologie> 
           </medical:pacient>
           <medical:pacient>
               <medical:nume>Nicolae</medical:nume>
               <medical:prenume>Corina</medical:prenume>
               <medical:varsta>53</medical:varsta> 
               <medical:sex>F</medical:sex>
               <medical:mediu>Urban</medical:mediu>
               <medical:epidemiologie>Antipoliomelita</medical:epidemiologie> 
           </medical:pacient>
           <medical:pacient>
               <medical:nume>Nitu</medical:nume>
               <medical:prenume>Ionut</medical:prenume>
               <medical:varsta>56</medical:varsta> 
               <medical:sex>M</medical:sex>
               <medical:mediu>Urban</medical:mediu>
               <medical:epidemiologie>Antipoliomelita</medical:epidemiologie> 
           </medical:pacient><medical:pacient>
               <medical:nume>Golea</medical:nume>
               <medical:prenume>Marcel</medical:prenume>
               <medical:varsta>27</medical:varsta> 
               <medical:sex>M</medical:sex>
               <medical:mediu>Urban</medical:mediu>
               <medical:epidemiologie>Antigripal</medical:epidemiologie> 
           </medical:pacient>
           <medical:pacient>
               <medical:nume>Neagoe</medical:nume>
               <medical:prenume>Tiberiu</medical:prenume>
               <medical:varsta>25</medical:varsta> 
               <medical:sex>M</medical:sex>
               <medical:mediu>Rural</medical:mediu>
               <medical:epidemiologie>Antihepatitia A/B</medical:epidemiologie> 
           </medical:pacient>
           <medical:pacient>
               <medical:nume>Olteanu</medical:nume>
               <medical:prenume>Gheorghe</medical:prenume>
               <medical:varsta>26</medical:varsta> 
               <medical:sex>M</medical:sex>
               <medical:mediu>Urban</medical:mediu>
               <medical:epidemiologie>Antipoliomelita</medical:epidemiologie> 
           </medical:pacient>
           <medical:pacient>
               <medical:nume>Mateescu</medical:nume>
               <medical:prenume>Stefan</medical:prenume>
               <medical:varsta>28</medical:varsta> 
               <medical:sex>M</medical:sex>
               <medical:mediu>Urban</medical:mediu>
               <medical:epidemiologie>Antihepatitia A/B</medical:epidemiologie> 
           </medical:pacient>
            
            
       </medical:categorii>
       <medical:categorii nume="Someri">
            
           <medical:pacient>
               <medical:nume>Iancu</medical:nume>
               <medical:prenume>Madalina</medical:prenume>
               <medical:varsta>31</medical:varsta> 
               <medical:sex>F</medical:sex>
               <medical:mediu>Urban</medical:mediu>
               <medical:epidemiologie>Antihepatitia A/B</medical:epidemiologie> 
           </medical:pacient>
           <medical:pacient>
               <medical:nume>Manafu</medical:nume>
               <medical:prenume>Andra</medical:prenume>
               <medical:varsta>47</medical:varsta> 
               <medical:sex>F</medical:sex>
               <medical:mediu>Rural</medical:mediu>
               <medical:epidemiologie>Antipoliomelita</medical:epidemiologie> 
           </medical:pacient>
           <medical:pacient>
               <medical:nume>Taraben</medical:nume>
               <medical:prenume>Anastasia</medical:prenume>
               <medical:varsta>42</medical:varsta> 
               <medical:sex>F</medical:sex>
               <medical:mediu>Urban</medical:mediu>
               <medical:epidemiologie>Antihepatitia A/B</medical:epidemiologie> 
           </medical:pacient>
           <medical:pacient>
               <medical:nume>Cioboata</medical:nume>
               <medical:prenume>Adelina</medical:prenume>
               <medical:varsta>27</medical:varsta> 
               <medical:sex>F</medical:sex>
               <medical:mediu>Urban</medical:mediu>
               <medical:epidemiologie>Antitetanica</medical:epidemiologie> 
           </medical:pacient>
           <medical:pacient>
               <medical:nume>Toila</medical:nume>
               <medical:prenume>Alexandra</medical:prenume>
               <medical:varsta>53</medical:varsta> 
               <medical:sex>F</medical:sex>
               <medical:mediu>Urban</medical:mediu>
               <medical:epidemiologie>Antigripal</medical:epidemiologie> 
           </medical:pacient>
           <medical:pacient>
               <medical:nume>Purice</medical:nume>
               <medical:prenume>Dragos</medical:prenume>
               <medical:varsta>49</medical:varsta> 
               <medical:sex>M</medical:sex>
               <medical:mediu>Urban</medical:mediu>
               <medical:epidemiologie>Antitetanica</medical:epidemiologie> 
           </medical:pacient>
           <medical:pacient>
               <medical:nume>Vlasa</medical:nume>
               <medical:prenume>Delia</medical:prenume>
               <medical:varsta>38</medical:varsta> 
               <medical:sex>F</medical:sex>
               <medical:mediu>Urban</medical:mediu>
               <medical:epidemiologie>Antigripal</medical:epidemiologie> 
           </medical:pacient>
           <medical:pacient>
               <medical:nume>Zablau</medical:nume>
               <medical:prenume>Simona</medical:prenume>
               <medical:varsta>31</medical:varsta> 
               <medical:sex>F</medical:sex>
               <medical:mediu>Rural</medical:mediu>
               <medical:epidemiologie>Antihepatitia A/B</medical:epidemiologie> 
           </medical:pacient>
           <medical:pacient>
               <medical:nume>Brujan</medical:nume>
               <medical:prenume>Valentin</medical:prenume>
               <medical:varsta>28</medical:varsta> 
               <medical:sex>M</medical:sex>
               <medical:mediu>Urban</medical:mediu>
               <medical:epidemiologie>Antipoliomelita</medical:epidemiologie> 
           </medical:pacient>
           <medical:pacient>
               <medical:nume>Stancu</medical:nume>
               <medical:prenume>Madalin</medical:prenume>
               <medical:varsta>27</medical:varsta> 
               <medical:sex>M</medical:sex>
               <medical:mediu>Urban</medical:mediu>
               <medical:epidemiologie>Antigripal</medical:epidemiologie> 
           </medical:pacient>
           <medical:pacient>
               <medical:nume>Dracea</medical:nume>
               <medical:prenume>Adriana</medical:prenume>
               <medical:varsta>36</medical:varsta> 
               <medical:sex>F</medical:sex>
               <medical:mediu>Urban</medical:mediu>
               <medical:epidemiologie>Antipoliomelita</medical:epidemiologie> 
           </medical:pacient>
           <medical:pacient>
               <medical:nume>Vladu</medical:nume>
               <medical:prenume>Irina</medical:prenume>
               <medical:varsta>48</medical:varsta> 
               <medical:sex>F</medical:sex>
               <medical:mediu>Urban</medical:mediu>
               <medical:epidemiologie>Antitetanica</medical:epidemiologie> 
           </medical:pacient>
           <medical:pacient>
               <medical:nume>Carstea</medical:nume>
               <medical:prenume>Cristian</medical:prenume>
               <medical:varsta>45</medical:varsta> 
               <medical:sex>M</medical:sex>
               <medical:mediu>Urban</medical:mediu>
               <medical:epidemiologie>Antigripal</medical:epidemiologie> 
           </medical:pacient>
           <medical:pacient>
               <medical:nume>Dumitru</medical:nume>
               <medical:prenume>Florina</medical:prenume>
               <medical:varsta>56</medical:varsta> 
               <medical:sex>F</medical:sex>
               <medical:mediu>Urban</medical:mediu>
               <medical:epidemiologie>Antipoliomelita</medical:epidemiologie> 
           </medical:pacient>
           <medical:pacient>
               <medical:nume>Amzolini</medical:nume>
               <medical:prenume>Lucia</medical:prenume>
               <medical:varsta>41</medical:varsta> 
               <medical:sex>F</medical:sex>
               <medical:mediu>Urban</medical:mediu>
               <medical:epidemiologie>Antitetanica</medical:epidemiologie> 
           </medical:pacient>
           <medical:pacient>
               <medical:nume>Pruna</medical:nume>
               <medical:prenume>Georgeta</medical:prenume>
               <medical:varsta>32</medical:varsta> 
               <medical:sex>F</medical:sex>
               <medical:mediu>Urban</medical:mediu>
               <medical:epidemiologie>Antihepatitia A/B</medical:epidemiologie> 
           </medical:pacient>
           <medical:pacient>
               <medical:nume>Furis</medical:nume>
               <medical:prenume>Lavinia</medical:prenume>
               <medical:varsta>30</medical:varsta> 
               <medical:sex>F</medical:sex>
               <medical:mediu>Urban</medical:mediu>
               <medical:epidemiologie>Antipoliomelita</medical:epidemiologie> 
           </medical:pacient>
           <medical:pacient>
               <medical:nume>Salan</medical:nume>
               <medical:prenume>Florentina</medical:prenume>
               <medical:varsta>28</medical:varsta> 
               <medical:sex>F</medical:sex>
               <medical:mediu>Urban</medical:mediu>
               <medical:epidemiologie>Antihepatitia A/B</medical:epidemiologie> 
           </medical:pacient>
           <medical:pacient>
               <medical:nume>Rogoz</medical:nume>
               <medical:prenume>Matei</medical:prenume>
               <medical:varsta>57</medical:varsta> 
               <medical:sex>M</medical:sex>
               <medical:mediu>Urban</medical:mediu>
               <medical:epidemiologie>Antipoliomelita</medical:epidemiologie> 
           </medical:pacient>
           <medical:pacient>
               <medical:nume>Ghergina</medical:nume>
               <medical:prenume>Laurentiu</medical:prenume>
               <medical:varsta>53</medical:varsta> 
               <medical:sex>M</medical:sex>
               <medical:mediu>Urban</medical:mediu>
               <medical:epidemiologie>Antitetanica</medical:epidemiologie> 
           </medical:pacient>
            
            
       </medical:categorii>
       <medical:categorii nume="Casnici">
            
           <medical:pacient>
               <medical:nume>Boiangiu</medical:nume>
               <medical:prenume>Didona</medical:prenume>
               <medical:varsta>37</medical:varsta> 
               <medical:sex>F</medical:sex>
               <medical:mediu>Urban</medical:mediu>
               <medical:epidemiologie>Antihepatitia A/B</medical:epidemiologie> 
           </medical:pacient>
           <medical:pacient>
               <medical:nume>Antonie</medical:nume>
               <medical:prenume>Eugenia</medical:prenume>
               <medical:varsta>25</medical:varsta> 
               <medical:sex>F</medical:sex>
               <medical:mediu>Urban</medical:mediu>
               <medical:epidemiologie>Antigripal</medical:epidemiologie> 
           </medical:pacient>
           <medical:pacient>
               <medical:nume>Calota</medical:nume>
               <medical:prenume>Ionela</medical:prenume>
               <medical:varsta>50</medical:varsta> 
               <medical:sex>F</medical:sex>
               <medical:mediu>Rural</medical:mediu>
               <medical:epidemiologie>Antitetanica</medical:epidemiologie> 
           </medical:pacient>
           <medical:pacient>
               <medical:nume>Vatui</medical:nume>
               <medical:prenume>Mirel</medical:prenume>
               <medical:varsta>42</medical:varsta> 
               <medical:sex>M</medical:sex>
               <medical:mediu>Urban</medical:mediu>
               <medical:epidemiologie>Antipoliomelita</medical:epidemiologie> 
           </medical:pacient>
           <medical:pacient>
               <medical:nume>Antonie</medical:nume>
               <medical:prenume>Mugur</medical:prenume>
               <medical:varsta>38</medical:varsta> 
               <medical:sex>M</medical:sex>
               <medical:mediu>Urban</medical:mediu>
               <medical:epidemiologie>Antigripal</medical:epidemiologie> 
           </medical:pacient>
           <medical:pacient>
               <medical:nume>Luca</medical:nume>
               <medical:prenume>Mirela</medical:prenume>
               <medical:varsta>30</medical:varsta> 
               <medical:sex>F</medical:sex>
               <medical:mediu>Rural</medical:mediu>
               <medical:epidemiologie>Antigripal</medical:epidemiologie> 
           </medical:pacient>
           <medical:pacient>
               <medical:nume>Ungureanu</medical:nume>
               <medical:prenume>Alexandru</medical:prenume>
               <medical:varsta>29</medical:varsta> 
               <medical:sex>M</medical:sex>
               <medical:mediu>Urban</medical:mediu>
               <medical:epidemiologie>Antitetanica</medical:epidemiologie> 
           </medical:pacient>
           <medical:pacient>
               <medical:nume>Uta</medical:nume>
               <medical:prenume>Marian</medical:prenume>
               <medical:varsta>45</medical:varsta> 
               <medical:sex>M</medical:sex>
               <medical:mediu>Urban</medical:mediu>
               <medical:epidemiologie>Antipoliomelita</medical:epidemiologie> 
           </medical:pacient>
           <medical:pacient>
               <medical:nume>Nefiru</medical:nume>
               <medical:prenume>Mihaita</medical:prenume>
               <medical:varsta>54</medical:varsta> 
               <medical:sex>M</medical:sex>
               <medical:mediu>Urban</medical:mediu>
               <medical:epidemiologie>Antihepatitia A/B</medical:epidemiologie> 
           </medical:pacient>
           <medical:pacient>
               <medical:nume>Mircea</medical:nume>
               <medical:prenume>Stefan</medical:prenume>
               <medical:varsta>52</medical:varsta> 
               <medical:sex>M</medical:sex>
               <medical:mediu>Urban</medical:mediu>
               <medical:epidemiologie>Antipoliomelita</medical:epidemiologie> 
           </medical:pacient>
           <medical:pacient>
               <medical:nume>Minescu</medical:nume>
               <medical:prenume>Elena</medical:prenume>
               <medical:varsta>43</medical:varsta> 
               <medical:sex>F</medical:sex>
               <medical:mediu>Urban</medical:mediu>
               <medical:epidemiologie>Antitetanica</medical:epidemiologie> 
           </medical:pacient>
           <medical:pacient>
               <medical:nume>Mantoc</medical:nume>
               <medical:prenume>Petru</medical:prenume>
               <medical:varsta>39</medical:varsta> 
               <medical:sex>M</medical:sex>
               <medical:mediu>Urban</medical:mediu>
               <medical:epidemiologie>Antihepatitia A/B</medical:epidemiologie> 
           </medical:pacient>
           <medical:pacient>
               <medical:nume>Suiu</medical:nume>
               <medical:prenume>Madalina</medical:prenume>
               <medical:varsta>49</medical:varsta> 
               <medical:sex>F</medical:sex>
               <medical:mediu>Urban</medical:mediu>
               <medical:epidemiologie>Antigripal</medical:epidemiologie> 
           </medical:pacient>
           <medical:pacient>
               <medical:nume>Cioroianu</medical:nume>
               <medical:prenume>Amalia</medical:prenume>
               <medical:varsta>37</medical:varsta> 
               <medical:sex>F</medical:sex>
               <medical:mediu>Rural</medical:mediu>
               <medical:epidemiologie>Antipoliomelita</medical:epidemiologie> 
           </medical:pacient>
           <medical:pacient>
               <medical:nume>Tudor</medical:nume>
               <medical:prenume>Oana</medical:prenume>
               <medical:varsta>32</medical:varsta> 
               <medical:sex>F</medical:sex>
               <medical:mediu>Urban</medical:mediu>
               <medical:epidemiologie>Antitetanica</medical:epidemiologie> 
           </medical:pacient>
            
       </medical:categorii>
        
        
</medical:cabinet>
